<xml xmlns="https://developers.google.com/blockly/xml"><variables><variable id="S77JWxgb:6$#.V_/nV|x">leftMotor</variable><variable id="OG_L@Pzkv-pBQ/80LzRn">rightMotor</variable><variable id="WX{%BT^+I^|syREoV0q?">colorSensor</variable></variables><block type="other_start" id="F*JsX{05^MN^xb+cyw3;" x="52" y="41"><next><block type="motors_setupmotor" id="Q,kAVolniUC~xUa41F!J"><field name="motorObj" id="S77JWxgb:6$#.V_/nV|x">leftMotor</field><field name="motorName">left wheel</field><next><block type="motors_setupmotor" id="r?^pc|=kV3s]MKF#@nCu"><field name="motorObj" id="OG_L@Pzkv-pBQ/80LzRn">rightMotor</field><field name="motorName">right wheel</field><next><block type="sensors_initializesensor" id="{r9.FF9$x79VG6aw/N?M"><field name="sensorType">colorSensor</field><field name="sensorTag">frontColor</field><field name="sensorName" id="WX{%BT^+I^|syREoV0q?">colorSensor</field><next><block type="controls_whileUntil" id=",3n=|LH[MpM$l,]:(^q-"><field name="MODE">WHILE</field><value name="BOOL"><block type="logic_boolean" id="*4^[Y1+WXot4hzc#%h*U"><field name="BOOL">TRUE</field></block></value><statement name="DO"><block type="controls_if" id="{bx1cdVee(RTssiX?Vk0"><mutation else="1"></mutation><value name="IF0"><block type="logic_compare" id=")yBZyQeu1,@bkpbt^,Wu"><field name="OP">LT</field><value name="A"><block type="sensors_getgray" id=")m6?.Ebo9+3Q-#5Np|{D"><field name="sensorName" id="WX{%BT^+I^|syREoV0q?">colorSensor</field></block></value><value name="B"><block type="math_number" id="(*h^k,Y]kl-5C,}yjJh^"><field name="NUM">130</field></block></value></block></value><statement name="DO0"><block type="motors_setspeed" id="-K+zv!cLWl|),`:wKco)"><field name="motorObj" id="S77JWxgb:6$#.V_/nV|x">leftMotor</field><value name="motorSpeed"><block type="math_number" id="Lh1a`BXO9)m[f:k~|:x0"><field name="NUM">40</field></block></value><next><block type="motors_setspeed" id="3qsm@/X4kTt_K!PC`^8W"><field name="motorObj" id="OG_L@Pzkv-pBQ/80LzRn">rightMotor</field><value name="motorSpeed"><block type="math_number" id="R|X)Wu5XDI}2R}l6RlTi"><field name="NUM">0</field></block></value></block></next></block></statement><statement name="ELSE"><block type="motors_setspeed" id="C:R)nL0dn)zz2Y`PG73F"><field name="motorObj" id="S77JWxgb:6$#.V_/nV|x">leftMotor</field><value name="motorSpeed"><block type="math_number" id="{`dhU[1Pe#4S@uF0dkwT"><field name="NUM">0</field></block></value><next><block type="motors_setspeed" id="o6#22mrbHz,W%gp2F;th"><field name="motorObj" id="OG_L@Pzkv-pBQ/80LzRn">rightMotor</field><value name="motorSpeed"><block type="math_number" id="E~`qFYwh(L,D}$#vEs2?"><field name="NUM">40</field></block></value></block></next></block></statement></block></statement></block></next></block></next></block></next></block></next></block></xml>