<xml xmlns="https://developers.google.com/blockly/xml"><variables><variable id="p)6,xKqNcHibI*hL|e`H">lm</variable><variable id="_R%oP!v_EfNLdXgmiNQ9">rm</variable></variables><block type="other_start" id="Ig~3eQU2i`Xn0L:;[u_9" x="39" y="79"><next><block type="time_delay" id="X;L){~}a}YN!|[{[IChB"><value name="ms"><block type="math_number" id="LT-x,Z0/4z-TeSs]y+1m"><field name="NUM">4000</field></block></value><next><block type="motors_setupmotor" id="1O{J0|le*kx-velf!Mdf"><field name="motorObj" id="p)6,xKqNcHibI*hL|e`H">lm</field><field name="motorName">left wheel</field><next><block type="motors_setupmotor" id="M-+4p,5h]U491iuk)D|v"><field name="motorObj" id="_R%oP!v_EfNLdXgmiNQ9">rm</field><field name="motorName">right wheel</field><next><block type="motors_setspeed" id="h{1[v#sQU*#[48[n?+|V"><field name="motorObj" id="p)6,xKqNcHibI*hL|e`H">lm</field><value name="motorSpeed"><block type="math_number" id="@^S=0hN_W^YC|sOKTFO8"><field name="NUM">50</field></block></value><next><block type="motors_setspeed" id="m+tf.#n0cm)|P5MJ2rrq"><field name="motorObj" id="_R%oP!v_EfNLdXgmiNQ9">rm</field><value name="motorSpeed"><block type="math_number" id="3F4)5Eo(QM=hWS`B}1n{"><field name="NUM">50</field></block></value><next><block type="time_delay" id="7U7C.d9v[zmIu[lX-[*3"><value name="ms"><block type="math_number" id="BhIRdo28FIQj5W4MLiCn"><field name="NUM">4000</field></block></value></block></next></block></next></block></next></block></next></block></next></block></next></block></xml>